occupancy,co2,temperature,illuminance,humidity
1.0,464.1599985758464,22.299999237060547,97.37066548665365,34.575164794921875
13.0,485.8026631673177,21.766667048136394,83.94400024414062,36.470587158203124
65.0,489.6000061035156,22.033333587646485,123.71999944051107,35.816993459065756
73.0,503.73333740234375,22.200000762939453,355.6346654256185,34.901962280273445
51.0,603.0933410644532,22.013333384195963,391.9146687825521,37.189541753133135
68.0,601.1200052897135,21.0733336130778,385.621332804362,37.71241861979167
62.0,760.4906850179036,21.813333574930827,401.87733459472656,39.738562774658206
6.0,843.3493265787761,23.040000025431315,414.57066650390624,38.627451705932614
18.0,706.0906717936198,23.400000254313152,425.5999989827474,37.01960817972819
19.0,771.3493265787761,22.633333333333333,443.94666646321616,39.47712516784668
17.0,628.6400044759115,23.153333600362142,229.7866658528646,39.058824157714845
15.0,566.1333312988281,21.940000089009605,227.34933369954427,37.64706039428711
20.0,570.933339436849,22.27999979654948,213.57333475748698,37.67320162455241
21.0,568.1599934895834,22.2266668955485,202.928000386556,36.86274337768555
21.0,647.6799926757812,22.746666717529298,179.6586654663086,39.529411697387694
21.0,682.5599975585938,23.42999973297119,172.09333190917968,37.64706039428711
18.0,665.7066650390625,23.690000089009605,181.3279998779297,36.14379196166992
10.0,601.760009765625,22.713333574930825,144.7893295288086,37.62091636657715
0.0,457.6853312174479,22.590000343322753,12.966666666666667,33.85620956420898
1.0,485.5146718343099,22.379999923706055,71.67600021362304,35.55555648803711
1.0,486.69866739908855,22.43333371480306,116.8160001118978,35.09804000854492
1.0,501.29067077636716,22.233333587646484,140.02132975260417,35.68627548217773
1.0,497.29066772460936,22.399999618530273,166.8826665242513,35.68627548217773
3.0,504.4586659749349,22.4266663869222,185.2213348388672,34.70588302612305
5.0,517.6213317871094,22.60000038146973,218.21866607666016,32.64052365620931
12.0,494.78399556477865,22.326666577657065,247.48800048828124,31.254902140299478
41.0,501.3226582845052,22.376666641235353,295.9946655273437,29.97385641733805
40.0,491.3280049641927,22.620000457763673,314.57599589029945,28.457516161600747
40.0,590.7413350423177,22.570000457763673,275.3546620686849,30.928104909261073
39.0,540.4800048828125,21.72666670481364,250.58666534423827,32.54902038574218
33.0,715.8506673177084,22.303333409627278,296.7893305460612,28.967320251464844
32.0,739.3066670735677,23.000000190734863,287.89332885742186,26.339868863423664
29.0,718.4213317871094,23.036666870117188,251.94666544596353,25.75163396199544
26.0,699.5199910481771,23.03000005086263,234.3306666056315,25.29411792755127
0.0,672.4160034179688,23.469999885559083,219.45066680908204,24.70588302612305
0.0,692.5866658528646,23.680000241597494,215.48799997965494,24.70588302612305
16.0,505.22666931152344,22.38666623433431,48.7706667582194,29.568627548217773
31.0,505.3333384195964,21.873333485921226,340.8400024414062,31.13725528717041
32.0,499.30666097005206,21.93333365122477,377.7173319498698,29.33333339691162
32.0,624.6933247884115,21.869999758402507,223.2960006713867,30.875816980997723
15.0,596.7893351236979,21.64666665395101,225.68533376057943,31.307189941406254
16.0,738.92265625,22.53000036875407,269.7226623535156,31.30718994140625
16.0,670.1333435058593,22.60000006357829,343.6159993489583,29.960784467061366
13.0,624.8106669108073,22.799999554951984,386.3839996337891,28.627450942993164
17.0,606.3146565755209,22.683334032694496,274.6826599121094,28.627450942993164
20.0,617.4506571451823,22.75,263.65333099365233,28.627450942993164
18.0,601.941337076823,22.853333536783854,214.28799997965496,28.627450942993164
17.0,623.4986714680989,22.433333079020183,195.81866607666015,28.627450942993164
48.0,610.2720011393229,22.596666717529295,246.8853332519531,28.627450942993164
50.0,614.4,22.49666665395101,231.35999755859376,28.627450942993164
53.0,609.1199971516927,22.10666650136312,301.88000030517577,28.627450942993164
51.0,605.9839986165365,21.406666310628257,378.8853342692057,28.627450942993164
5.0,770.8373413085938,21.976666831970213,395.7973337809245,31.633987426757812
0.0,680.1493286132812,20.97999973297119,356.8960001627604,31.503268432617187
1.0,456.40533650716145,23.813333129882814,278.1546671549479,56.64052149454753
1.0,453.717328898112,24.206666882832845,314.41599731445314,54.39215774536133
1.0,458.0800028483073,24.433333079020183,326.42133280436195,54.45751762390137
1.0,461.6426615397135,24.453333155314127,303.78133494059244,54.90196228027344
2.0,467.52000325520834,24.859999656677246,373.65333455403646,54.44444580078125
4.0,471.3920003255208,24.8533327738444,429.89866841634114,56.20914967854818
4.0,473.0560017903646,24.586666870117188,399.413335164388,56.86274337768555
4.0,471.3280029296875,24.67666676839193,471.2106648763021,56.86274337768555
3.0,463.00799662272135,24.73999989827474,492.27733052571614,56.274509048461915
2.0,466.69867045084635,24.833333206176757,504.7146687825521,54.90196228027344
2.0,466.2933369954427,25.13000030517578,426.99733174641926,54.836602783203126
1.0,477.00266520182294,25.473333231608073,354.9653330485026,51.790850194295246
3.0,502.06932678222654,25.809999720255533,379.24266764322914,49.647060012817384
3.0,489.2586659749349,25.653333536783858,403.3280008951823,48.366014862060545
3.0,486.84800109863284,25.839999771118165,357.37066853841145,46.20915158589681
3.0,482.43199768066404,26.140000279744466,210.221332804362,43.529412841796876
3.0,483.2533294677734,26.34666608174642,281.471999613444,41.960784912109375
2.0,475.66933390299477,26.479999923706053,743.2639963785807,40.392156982421874
2.0,458.0586710611979,24.96666653951009,173.02933400472006,57.80392303466797
3.0,456.55466613769534,24.8899995803833,166.31999816894532,57.85621007283529
3.0,491.6586659749349,24.79999923706055,287.91466623942057,60.15686264038086
2.0,507.6266682942708,24.723333740234374,200.96000061035156,61.11111068725586
5.0,514.6453389485677,24.690000724792476,188.68799947102863,60.91503219604492
6.0,505.8026621500651,24.57666695912679,269.6853317260742,62.74509811401367
5.0,499.59466552734375,24.70000076293945,375.4773315429687,62.78431383768717
6.0,499.96799723307294,24.71666692097982,460.72533162434894,66.11764755249023
6.0,486.6666666666667,24.863332811991373,471.8933339436849,66.66666412353516
6.0,499.15733744303384,25.10000038146973,417.00266927083334,66.66666412353516
5.0,521.0133361816406,25.26000035603841,376.6933329264323,67.25489959716796
6.0,510.8799997965495,25.54000015258789,382.0586659749349,64.1830062866211
6.0,499.14666748046875,25.666666793823243,493.80799357096356,57.38562202453613
5.0,499.7866668701172,25.88666623433431,880.2773376464844,53.54248415629069
5.0,494.5600077311198,26.28000036875407,1214.0800008138021,49.55555686950684
7.0,526.0800018310546,26.800000127156576,1406.5919962565104,45.60784441630046
4.0,495.7866668701172,27.086666870117188,1581.226668294271,42.78431383768717
3.0,486.6666666666667,27.593332926432293,1802.1120035807292,41.568627166748044
3.0,497.65333557128906,23.693333244323732,284.8053314208984,41.89542465209961
2.0,503.0400034586589,22.879999542236327,318.88533172607424,45.79085108439128
1.0,522.7200063069662,23.1466672261556,320.1279988606771,46.66666793823242
0.0,525.0666707356771,23.280000305175783,320.9653249104818,48.300655364990234
2.0,511.41334533691406,23.220000076293946,296.0719879150391,50.19607925415039
1.0,487.89333089192706,23.293333180745442,337.7546635945638,50.98039245605469
1.0,481.7066701253255,23.6466672261556,352.7466664632162,49.019609451293945
1.0,501.173334757487,23.560000228881837,331.6373341878255,51.20261497497559
1.0,495.8399963378906,23.333332697550457,313.08799540201824,52.94117736816406
1.0,510.8586680094401,23.45999984741211,295.9519978841146,52.94117736816406
1.0,509.7280029296875,23.71333306630453,292.84266052246096,54.379086303710935
0.0,502.8586680094401,23.873332850138347,329.74399922688804,54.90196228027344
0.0,490.9866678873698,24.0,370.46399943033856,54.90196228027344
0.0,485.65333557128906,24.193333689371745,394.6933314005534,52.09150390625
0.0,481.21600443522135,24.339999516805012,206.25066731770832,49.411766052246094
0.0,486.0053344726563,24.24000015258789,236.35200093587238,48.6274528503418
0.0,489.5573252360026,24.379999542236327,265.3439982096354,46.73202743530273
0.0,490.87999572753904,24.726666514078776,291.5573303222656,45.01960906982422
0.0,506.91200154622396,24.899999618530273,193.53066711425782,41.960784912109375
0.0,504.08533732096356,24.553333409627278,226.60800018310547,43.6601318359375
0.0,500.5333302815755,24.30666669209798,274.1493306477865,44.509805297851564
0.0,489.12000427246096,24.08333339691162,265.09332784016925,44.7058837890625
0.0,494.20799865722654,24.49666665395101,315.21600036621095,43.92156982421875
1.0,495.8933359781901,24.78333282470703,296.5973347981771,43.92156982421875
0.0,493.83466796875,24.979999923706053,349.2853312174479,43.59477233886719
0.0,496.6933339436849,25.233333587646484,446.8799987792969,41.960784912109375
2.0,509.6746592203776,25.289999389648436,421.8346659342448,41.960784912109375
6.0,524.5120015462239,25.176667149861654,336.1440002441406,41.960784912109375
7.0,528.6506693522135,25.22333374023437,408.5866658528646,41.960784912109375
7.0,553.8453389485677,25.3899995803833,399.0826649983724,40.31372566223145
21.0,614.8906575520833,25.61333312988281,576.7573364257812,39.63398742675781
37.0,655.8186604817708,26.133333206176758,556.6613311767578,37.45098190307617
33.0,626.3466715494792,26.566666920979817,929.6319966634114,37.64706039428711
34.0,578.4853373209636,26.873333485921226,1131.9893391927083,36.0130729675293
19.0,538.9013224283855,27.266666412353516,1153.2373209635416,35.68627548217773
0.0,478.02666727701825,27.22000001271566,904.3413116455079,35.68627548217773
7.0,512.1706776936849,24.60666643778483,296.25599670410156,42.41830139160156
27.0,657.8666727701823,24.213333384195963,317.52532958984375,45.620916748046874
26.0,636.2346700032552,23.863333002726236,314.5226654052734,45.88235473632813
30.0,645.2799947102865,23.649999872843424,327.29066467285156,46.33987032572429
8.0,580.7573384602864,23.173333358764648,360.55466715494794,47.84313583374024
4.0,507.6266672770182,23.59666659037272,368.49066772460935,46.9281042734782
6.0,526.4960021972656,23.54666633605957,373.2800008138021,46.99346402486166
4.0,518.1973388671875,23.266666412353516,403.7653330485026,47.84313583374024
12.0,565.1093353271484,23.463333257039388,419.29066670735676,49.7385612487793
32.0,714.6880065917969,24.209999783833823,337.4613362630208,49.08496640523275
32.0,648.7253356933594,24.61333376566569,344.8960001627604,47.41176528930664
36.0,710.2826680501302,24.70999984741211,343.3066680908203,48.28758227030436
22.0,638.6453348795573,24.340000279744466,348.522666422526,51.01960767110189
5.0,499.8613291422526,24.1399995803833,625.8666646321615,53.79085083007813
7.0,507.27467346191406,24.38333288828532,425.44000244140625,51.542484283447266
7.0,505.7813415527344,24.403332964579263,537.2906697591146,49.712419509887695
4.0,512.0106740315755,24.10000006357829,941.9520111083984,52.74509887695312
5.0,554.080000813802,24.54999968210856,1642.6026814778645,50.58823585510254
3.0,474.04799601236977,24.090000089009603,332.62933146158855,47.71241709391277
6.0,498.9013305664063,24.026666768391927,338.0586690266927,42.74509887695312
20.0,611.402675374349,24.066666920979817,335.5093348185221,40.0
31.0,691.4346700032552,23.939999771118163,503.27466939290366,38.6666675567627
33.0,718.5066670735677,24.206666692097983,521.9626586914062,37.64706039428711
33.0,690.7733317057292,24.41666660308838,513.5786651611328,36.20915145874024
32.0,687.6160095214843,24.56333357493083,504.04266662597655,35.68627548217773
22.0,679.8399881998698,24.886666679382323,391.97333068847655,35.68627548217773
4.0,520.6613291422526,24.943333117167153,321.2799977620443,35.68627548217773
5.0,484.2133310953776,24.766666730244953,321.66932474772136,33.24183044433594
5.0,475.73333740234375,24.583333651224777,322.20799357096354,30.98039245605469
5.0,471.89333089192706,24.73666655222575,335.08266398111977,29.33333339691162
4.0,468.9066670735677,25.156666692097982,365.7813323974609,28.3006534576416
4.0,473.0133361816406,25.566666920979817,292.896001180013,26.66666603088379
4.0,470.1866709391276,25.666667302449543,1512.1920043945313,27.712417984008788
0.0,450.61333719889325,26.036666425069175,1204.650670369466,28.627450942993164
0.0,451.5733337402344,26.566666920979817,267.67999674479165,26.313725344340007
1.0,453.2266591389974,26.666667302449543,294.12266540527344,31.1372553507487
16.0,553.2266642252604,23.96666653951009,476.719997660319,60.32679748535156
25.0,639.1466674804688,24.036666870117188,535.0826670328776,61.37254943847657
27.0,680.3199971516927,23.093333117167155,538.5706563313802,61.96078491210938
27.0,662.7733357747396,22.84666608174642,505.1520009358724,61.96078491210938
26.0,661.8133239746094,22.979999796549478,527.3599995930989,61.96078491210938
24.0,640.6933288574219,23.093333689371743,528.5546651204427,61.96078491210938
24.0,666.7733357747396,23.346666844685874,518.6133239746093,61.96078491210938
24.0,654.0266825358073,23.39999974568685,513.4720001220703,61.96078491210938
23.0,645.0986673990885,23.556666882832847,513.8239959716797,61.96078491210938
21.0,640.7466613769532,23.57666695912679,505.38666280110675,61.176470947265635
16.0,628.3946716308594,23.693333625793457,497.3973337809245,60.0
8.0,507.274663289388,23.703333600362143,520.9439921061198,57.960785675048825
14.0,535.5200042724609,24.479999860127766,541.7600006103515,57.64706039428711
31.0,628.8000183105469,25.15333340962728,774.0586649576823,57.64706039428711
34.0,707.4666768391927,25.333333587646486,1131.4346557617187,57.28104705810547
33.0,681.2800008138021,25.78666655222575,1356.8640055338542,55.359477996826165
31.0,696.2346720377604,26.330000114440917,1501.056005859375,53.72549057006836
31.0,677.7386657714844,26.479999923706053,412.5386637369792,52.09150377909342
1.0,464.8853291829427,25.0,309.9893300374349,50.901961135864255
1.0,464.9386698404948,24.939999771118163,324.8106648763021,51.18954315185547
1.0,460.5013376871745,25.113333765665693,336.3626688639323,48.6274528503418
1.0,460.1280019124349,25.27999954223633,349.4719991048177,48.6274528503418
0.0,459.978672281901,25.253333282470702,368.10666707356773,48.6274528503418
0.0,460.30933634440106,25.339999961853028,392.9280019124349,48.00000178019206
3.0,460.86400451660154,25.363332811991373,467.80799865722656,39.333334350585936
3.0,459.29599609375,25.413333002726237,437.8666687011719,40.457516479492185
3.0,461.29066670735676,25.60666707356771,416.2240000406901,42.41830139160156
3.0,464.68267415364585,25.740000406901043,371.66400044759115,43.92156982421875
0.0,456.85332641601565,25.403333791097005,297.5093302408854,44.96732177734375
0.0,453.1306620279948,25.20000076293945,149.3479990641276,45.88235473632813
2.0,521.6960052490234,25.306666755676268,342.3839986165365,45.81699523925782
3.0,580.0000142415364,25.950000127156574,396.9066680908203,44.11764831542969
3.0,552.5973388671875,26.196666590372722,302.09066619873045,43.071896362304685
3.0,539.2319997151693,26.42999973297119,198.4239985148112,39.986928176879886
0.0,493.3333374023438,26.60000038146973,237.07466684977214,38.27451095581055
3.0,513.5146789550781,26.69999980926514,298.4959971110026,39.450980758666994
0.0,472.447998046875,22.49333324432373,181.52533162434895,50.66666717529297
2.0,481.4613393147786,22.413333129882812,320.27733154296874,48.6274528503418
16.0,567.7226806640625,22.506666692097983,425.6106669108073,48.6274528503418
25.0,669.4399983723958,23.300000127156576,503.28533223470055,48.6274528503418
31.0,718.826670328776,23.273333422342937,484.1173350016276,49.15032755533854
30.0,671.7866617838541,23.716666666666665,512.6293304443359,47.581698989868165
30.0,661.9733378092448,24.176666323343913,490.54933369954426,47.0980391184489
29.0,708.2666625976562,24.053333409627278,505.51466674804686,45.947713216145836
28.0,660.9066670735677,23.996666463216147,488.03199971516926,46.53594779968262
29.0,688.5333353678385,24.5733336130778,511.23200174967445,47.25490150451661
20.0,697.3333333333334,24.553333791097007,446.3306640625,46.5359484354655
0.0,505.22666320800784,24.08000030517578,438.8159932454427,44.44444580078125
0.0,491.840000406901,24.363333066304524,562.3786671956381,43.51634063720703
1.0,481.6000111897786,24.19999980926514,518.2399983723958,42.74509811401367
2.0,478.7200063069661,24.266666412353516,487.8933339436849,42.74509811401367
2.0,476.2133280436198,23.99666633605957,452.6773305257162,42.74509811401367
1.0,479.0933380126953,23.88666623433431,532.0746643066407,42.74509811401367
1.0,475.51999918619794,24.07666695912679,728.0853271484375,42.15686264038086
2.0,499.23199869791665,23.206666628519695,306.1439982096354,63.39869384765625
4.0,511.7013275146484,22.713333892822266,313.0053314208984,66.53594970703124
5.0,510.0480021158854,22.506666692097983,317.52533365885415,68.366015625
6.0,506.55999552408855,22.433333079020183,322.0586639404297,69.80392456054689
5.0,498.9759958902995,22.506666692097983,320.9599914550781,69.80392456054689
7.0,499.3279988606771,22.600000381469727,320.4479960123698,69.80392456054689
8.0,496.447998046875,22.72666645050049,319.8720011393229,69.28104858398437
8.0,492.8213307698568,22.79999923706055,319.58400370279946,67.8431396484375
6.0,482.7306640625,22.809999275207524,316.43199920654297,65.88235473632812
10.0,494.0586669921875,22.9633331934611,346.5280019124349,63.464053344726565
11.0,503.0826680501302,23.23333346048991,327.74933064778645,59.18954353332519
9.0,515.4560017903646,23.399999618530273,333.67466430664064,55.947713470458986
8.0,511.082666015625,23.799999872843426,360.661333211263,54.70588302612305
4.0,556.9706644694011,24.0,387.13600056966146,53.72549057006836
2.0,535.0400085449219,23.88666623433431,350.96000010172526,53.17647094726563
1.0,486.826665242513,24.259999783833823,225.2213333129883,51.045751953125
0.0,491.1999969482422,24.06333344777425,252.5546630859375,52.94117736816406
0.0,488.2133331298828,24.176666704813638,279.15733032226564,51.50326843261719
1.0,489.2479990641276,20.0,346.45333201090494,60.0
1.0,485.56800435384116,20.05666700998942,375.9946655273437,59.13725547790527
1.0,478.7626658121745,20.06000010172526,423.7973337809245,57.64706039428711
1.0,479.13599751790366,20.246666590372723,418.3573313395182,57.189543914794925
1.0,472.469330851237,21.146666463216146,373.5039998372396,55.294118499755854
1.0,475.8933359781901,21.443333117167153,352.03200073242186,53.72549057006836
1.0,471.7760060628255,21.919999821980795,406.8159983317057,53.72549057006836
1.0,475.80800170898436,22.169999821980795,440.08533528645836,53.72549057006836
0.0,475.73333231608075,22.353333282470704,479.94666951497396,52.53594805399577
0.0,473.96266479492186,22.826666514078777,500.2453328450521,50.98039245605469
0.0,472.4373362223307,22.826666132609052,533.5893330891927,50.98039245605469
0.0,472.72533162434894,22.99333356221517,454.4106679280599,50.98039245605469
0.0,474.02667338053385,23.276667086283364,557.0453338623047,50.66666717529297
0.0,471.05067342122396,23.526666768391927,618.9439982096354,48.6274528503418
0.0,471.05066731770836,23.586666870117188,581.1093282063802,48.6274528503418
0.0,473.14133809407554,23.54000015258789,458.92266642252605,48.6274528503418
0.0,470.68800048828126,23.69333381652832,264.1813288370768,48.6274528503418
0.0,466.4213348388672,23.516666475931803,236.45333455403645,49.9607852935791
16.0,713.4826639811198,22.829999860127767,355.1520009358724,55.09803924560547
41.0,878.3360026041667,22.630000495910643,310.3199971516927,56.86274337768555
37.0,835.0506754557292,22.893333180745444,314.5973286946615,56.33986841837565
45.0,814.4213256835938,22.686667188008627,316.04799397786456,54.7058837890625
15.0,650.5706665039063,22.643333435058594,316.34132995605466,52.35294189453125
17.0,628.5546732584636,22.22000045776367,317.15199890136716,51.81699409484863
16.0,617.5253275553385,22.15333391825358,315.6479949951172,48.6274528503418
12.0,596.4586588541666,22.053333536783853,321.2746643066406,47.90849838256836
26.0,733.9839965820313,21.949999809265137,320.8906656901042,47.058824920654295
44.0,889.066660563151,21.976666577657063,329.3440002441406,47.38562240600586
43.0,798.0160013834635,22.253333600362144,333.01866455078124,43.882353973388675
32.0,642.7733439127604,22.920000139872233,342.3520009358724,43.33333422342936
39.0,750.9546610514323,22.88666648864746,349.96800130208334,44.836602274576826
37.0,784.7680033365885,22.979999860127766,397.31200052897134,48.4313715616862
23.0,669.7173380533854,23.366666793823242,423.1146677652995,47.320260874430346
14.0,626.1546630859375,23.473333168029786,706.9973327636719,47.84313583374024
6.0,544.3519999186198,24.139999771118163,1547.2586720784504,45.84313812255859
0.0,497.2800048828125,24.279999669392904,476.55999857584635,43.92156982421875
15.0,615.5946756998698,22.71000035603841,379.8506642659505,64.37908630371093
36.0,695.509326171875,23.016667048136394,308.8693333943685,64.6405242919922
38.0,723.1573282877604,22.566666666666666,191.68533325195312,67.58170166015626
31.0,681.8880004882812,22.746666336059572,362.3040008544922,69.54248657226563
46.0,749.1200032552083,23.353333473205566,432.18133239746095,68.07843246459962
72.0,801.2373372395833,22.426666704813638,452.9173329671224,66.30065155029297
61.0,797.7173278808593,22.473333422342936,446.4533335367839,62.849673461914065
74.0,789.3333251953125,22.193333371480307,456.47999979654946,58.57516441345215
65.0,801.3226623535156,22.446666717529297,388.4266682942708,58.169935607910155
64.0,842.6666748046875,22.680000686645506,368.8320027669271,56.07843246459961
53.0,724.3413269042969,22.82666670481364,391.3280019124349,54.90196151733399
61.0,849.5573160807292,22.773333676656087,381.65333455403646,55.555556488037105
51.0,781.4186726888021,22.913333447774253,401.1733327229818,55.42483749389648
45.0,735.1999918619791,22.95999984741211,408.10666910807294,53.54248441060384
25.0,655.8399922688802,23.653333854675292,464.7253346761068,50.71895523071289
2.0,525.4933369954427,23.933333079020183,309.871999613444,48.104576873779294
0.0,510.20799763997394,23.653333791097005,190.90666758219402,46.66666793823242
0.0,497.7173380533854,23.686666870117186,150.2266626993815,46.66666793823242
17.0,768.8320007324219,24.22666664123535,397.6853312174479,56.86274642944336
43.0,930.240000406901,24.359999465942384,236.69866943359375,59.37254943847656
37.0,864.6400044759115,24.013333066304526,231.8240005493164,61.43790893554687
44.0,788.75732421875,23.95999984741211,284.8053304036458,63.202615356445314
36.0,827.0933329264323,23.806666564941406,305.013330078125,66.92810668945313
47.0,809.0666707356771,23.9266663869222,324.6559997558594,67.8431396484375
41.0,740.437333170573,24.14666690826416,355.6426666259766,67.320263671875
41.0,775.850663248698,24.550000190734863,356.06400095621746,64.11764831542969
40.0,888.3626688639323,24.809999974568687,362.3893341064453,64.6405242919922
61.0,908.9066670735677,25.200000127156574,376.61866760253906,62.156863403320315
52.0,889.8986633300781,25.46666653951009,400.0213338216146,60.653594970703125
60.0,925.3973225911458,25.650000254313152,409.45066935221354,58.352942276000974
54.0,878.4426635742187,25.873332850138347,374.9840037027995,56.0130729675293
64.0,873.6853230794271,26.140000534057616,417.7813334147135,54.77124252319336
57.0,816.0426778157552,26.486666870117187,442.5173350016276,52.653595225016275
65.0,855.978662109375,26.763333129882813,462.2826690673828,52.09150390625
25.0,719.7439921061198,26.736666870117187,453.4933339436849,51.24183044433594
3.0,547.5840087890625,26.603333727518717,436.62933349609375,49.647060012817384
18.0,654.0373301188151,23.923333358764648,367.392002360026,64.18300768534343
22.0,758.1226745605469,23.440000343322755,383.7973332722982,70.26144053141276
30.0,778.0799947102864,23.539999961853027,323.5786677042643,73.26797485351562
61.0,849.5999857584635,23.96666653951009,266.50133209228517,72.94117736816406
50.0,809.3440022786458,23.909999656677247,324.4479970296224,73.33333435058594
64.0,823.3813435872396,23.459999910990398,329.2799987792969,71.60784276326497
60.0,844.7999959309896,23.37333329518636,319.4826670328776,71.20261306762696
67.0,744.9173360188802,22.539999961853027,348.2133341471354,70.48365936279296
58.0,852.3520039876302,23.71999994913737,424.6933319091797,71.11111094156901
78.0,888.4906656901042,24.830000178019205,397.06133422851565,68.62744903564453
78.0,829.4613240559896,25.203334045410152,439.3919993082682,66.99346160888672
45.0,677.5680074055989,25.26333325703939,503.36000061035156,66.66666412353516
1.0,504.8746673583984,25.010000038146973,700.5013346354167,66.66666412353516
0.0,504.1600036621094,25.210000165303548,962.7733317057292,65.90849533081055
0.0,496.32000223795575,25.460000228881835,1145.7706583658853,63.98692932128906
0.0,506.0800018310547,25.94999993642171,1150.1866678873698,63.92156982421875
0.0,499.6800028483073,26.35999952952067,973.9946756998698,61.96078491210938
0.0,494.61333719889325,26.130000495910643,240.31467030843098,61.96078491210938
11.0,602.6880106608073,22.739999961853027,320.586664835612,51.11111145019531
36.0,710.8053344726562,23.13666674296061,340.9173319498698,51.045751953125
38.0,854.5066752115886,23.009999974568686,381.8346689860026,51.37254943847656
30.0,809.3440104166667,23.266666666666666,376.3893356323242,51.045751953125
38.0,721.3973409016927,23.190000089009605,375.1680013020833,51.50326843261719
31.0,829.5679972330729,23.610000356038412,370.69866841634115,50.98039245605469
31.0,856.9813435872396,24.016666730244953,364.47999979654946,50.98039245605469
35.0,800.4906575520833,24.166666984558105,361.6106669108073,50.98039245605469
32.0,868.906669108073,24.276666831970214,359.7653361002604,52.026144409179686
58.0,913.7066752115885,24.526666768391927,366.01600240071616,52.6143798828125
57.0,858.3039957682291,24.09999968210856,378.9440032958984,50.95424880981445
45.0,788.0106709798177,23.379999987284343,356.4613311767578,51.503268305460615
59.0,879.9146626790365,24.306666882832847,177.15733337402344,48.94117813110351
58.0,857.5146769205729,24.660000038146975,195.05599873860677,46.92810592651367
49.0,862.0586730957032,24.653333536783858,205.74933420817058,46.66666793823242
56.0,860.1599934895834,24.60666707356771,209.12000020345053,46.66666793823242
27.0,747.6053365071615,24.293333371480305,177.57333424886068,46.66666793823242
5.0,596.9386657714844,24.24666646321615,193.91466725667317,45.80392303466797
20.0,701.2586649576823,23.186666870117186,284.0213297526042,51.045751953125
51.0,740.0320109049479,23.253333155314127,314.8959981282552,50.50980453491211
42.0,824.2133422851563,23.233333269755047,312.9759969075521,46.06536038716634
53.0,833.7066792805989,23.06666653951009,311.0239980061849,45.75163459777832
49.0,787.5839986165364,22.27333329518636,311.5199961344401,43.09804000854492
61.0,770.3253336588542,22.813333384195964,314.8479960123698,46.06536051432292
52.0,765.0346761067708,22.12666670481364,321.23199564615885,43.228758875528975
56.0,741.8880106608073,22.906666437784832,326.5386657714844,43.21568756103515
54.0,832.0853332519531,22.933333524068196,328.303998819987,40.352942276000974
57.0,785.8133341471354,21.980000050862632,325.2000010172526,38.849673716227215
48.0,831.6799926757812,22.68000011444092,306.8959981282552,35.37254969278971
54.0,813.759999593099,23.16999994913737,308.0213317871094,35.90849698384603
19.0,686.6666727701823,22.52666670481364,335.1786651611328,34.62745132446289
17.0,681.0026590983073,23.656666692097982,493.9359985351563,33.97385698954265
17.0,711.6373311360677,24.020000076293947,582.5920023600261,32.28758227030436
17.0,679.5946655273438,24.5,595.0933329264323,33.73856252034505
11.0,675.1786600748698,24.44666690826416,518.5599985758464,30.196078618367515
0.0,558.0586669921875,24.433333841959634,436.10133310953773,28.83660125732422
20.0,686.826649983724,23.520000076293947,315.82932942708334,46.013073476155604
48.0,725.6959838867188,23.053333218892416,323.2533274332682,46.14379221598308
41.0,819.3279988606771,22.81999963124593,334.378667195638,44.836602783203126
50.0,812.8213419596354,22.76000010172526,344.3733327229818,44.1830078125
42.0,783.338671875,22.960000038146973,349.29066467285156,42.6143798828125
54.0,816.3840006510417,23.700000381469728,357.36533406575523,41.960784912109375
46.0,759.4239969889323,21.559999974568687,382.1866689046224,42.2614387512207
56.0,826.02666015625,22.653333155314126,391.72266642252606,40.10457572937012
44.0,815.01865234375,23.519999758402506,369.3439971923828,37.21568705240885
54.0,790.7200052897135,23.546666272481282,383.4346649169922,39.320261764526364
45.0,849.5573221842448,23.099999936421714,408.4266662597656,37.895424143473306
53.0,800.1066630045573,22.52666664123535,434.0906656901042,38.90196151733399
12.0,677.5893391927083,23.606666628519694,451.6586649576823,35.75163497924804
8.0,619.0826700846354,24.090000343322753,552.6133305867513,37.986928431193036
8.0,620.8213358561198,23.873332850138347,283.93066558837893,38.32679748535156
8.0,591.0293314615885,24.0833335240682,683.503998819987,36.43137321472168
5.0,563.1466715494792,24.406666310628257,857.194667561849,33.529412841796876
11.0,593.1306722005208,24.546666844685873,670.608002726237,32.941177368164055
7.0,596.8640055338542,22.726666259765626,321.29066467285156,54.90196228027344
25.0,766.8053304036458,22.833333269755045,352.04266764322915,54.90196228027344
26.0,778.0480041503906,23.18666674296061,387.5413350423177,52.48366088867188
21.0,692.37333984375,22.82333323160807,382.1440002441406,53.071896362304685
28.0,702.2506571451823,21.659999910990397,365.6373321533203,54.90196228027344
22.0,728.8959981282552,22.386666552225748,356.6826680501302,54.640524291992186
27.0,750.9546752929688,23.156666692097982,378.34666951497394,53.39869384765625
25.0,759.3386678059895,23.21666653951009,388.4479970296224,54.90196228027344
6.0,631.9680013020833,23.086666742960613,362.9013305664063,54.90196228027344
3.0,592.6399943033854,23.20666643778483,377.3759999593099,55.42483723958333
2.0,567.8933410644531,22.939999771118163,381.0559997558594,56.86274337768555
0.0,545.3866577148438,22.979999923706053,432.71466573079425,57.38562138875326
0.0,552.1600036621094,23.3633331934611,548.9493296305338,57.51634140014649
0.0,559.6800028483073,23.680000178019206,772.6719980875652,55.68627548217773
0.0,558.4000142415365,24.000000190734863,1178.560009765625,55.294118499755854
0.0,556.7999877929688,25.72000001271566,1138.3039957682292,53.72549057006836
0.0,566.0266723632812,26.633333206176758,1185.5360026041667,53.72549057006836
0.0,569.3333333333334,27.18666674296061,960.2559977213542,50.70588302612305
8.0,561.2373392740885,22.619999821980795,235.69066670735677,58.692810440063475
33.0,702.9759948730468,22.67333354949951,233.75466562906902,58.31372578938802
36.0,606.4106669108073,21.943333371480307,231.58399912516276,57.12418162027995
32.0,796.8746622721354,22.68000005086263,231.0826670328776,60.07843170166016
39.0,660.1280008951823,22.186666361490886,232.8106684366862,57.54248301188151
35.0,761.6853271484375,22.9866668065389,233.92533365885416,58.95424842834473
36.0,706.3679931640625,22.900000254313152,231.95199890136718,56.6143798828125
36.0,757.322676595052,22.940000152587892,234.04800109863282,58.70588251749675
20.0,712.8746663411458,23.179999923706056,238.83200225830078,58.90196189880371
54.0,860.5653218587239,21.98666655222575,190.282666015625,61.96078491210938
57.0,846.9759989420573,22.373333358764647,166.28533223470052,59.84313774108887
49.0,793.4079935709635,22.453333155314127,203.19199981689454,57.64706039428711
53.0,866.4533386230469,22.560000228881837,195.5519999186198,57.72549171447754
52.0,837.2906697591146,22.79333356221517,332.7120002746582,57.058824920654295
56.0,881.7493408203125,22.793332672119142,352.8746653238932,56.27451095581055
53.0,797.6106628417969,22.880000178019205,345.30133260091145,55.68627548217773
0.0,549.5359985351563,23.406666310628257,475.0133336385091,55.68627548217773
0.0,513.3226684570312,24.03333346048991,661.1093251546224,55.68627548217773
1.0,514.6986633300781,23.27333297729492,0.0,36.86274337768555
1.0,531.733329264323,23.22666702270508,0.0,36.86274337768555
1.0,530.6240030924479,23.2266668955485,0.0,36.967318598429365
1.0,522.1013264973958,22.77666645050049,12.4,40.0
20.0,524.298671468099,22.839999389648437,12.366666666666667,40.0
49.0,546.4000142415365,22.660000356038413,300.34666239420574,42.87581787109375
43.0,755.861338297526,22.646666781107584,291.1786610921224,48.83660125732422
51.0,815.7866719563802,22.696666463216147,306.6666636149088,49.071895599365234
34.0,849.6426676432292,22.853333536783854,312.7306599934896,49.80392214457194
46.0,773.3973368326823,22.933333079020183,295.82932942708334,48.00000114440918
45.0,855.7226623535156,23.366666666666667,309.96799825032554,50.901961135864255
27.0,787.2853251139323,23.74666646321615,299.66399943033855,49.09804077148438
30.0,788.0533243815104,24.060000228881837,309.2533294677734,48.31372515360514
35.0,797.7599894205729,24.03333346048991,316.81066080729164,50.183007431030276
33.0,803.8399963378906,23.866666158040363,300.9173350016276,49.33333473205566
29.0,778.4533386230469,23.766666412353516,297.6959940592448,47.51634140014649
14.0,740.2240051269531,23.759999783833823,302.5279947916667,46.66666793823242
6.0,715.5839986165364,23.530000114440917,293.75999552408854,45.15032806396484
1.0,502.9013305664063,21.2600004196167,109.78400014241537,42.54902038574219
2.0,506.24000040690106,20.91999969482422,155.42133076985678,41.960784912109375
2.0,503.6586629231771,20.853332901000975,210.5866668701172,41.30718994140625
3.0,505.642670694987,20.913333384195962,259.62133127848307,38.823530197143555
16.0,652.5013366699219,21.390000089009604,273.3653299967448,39.77777862548828
34.0,813.205332438151,21.253332901000977,279.5466644287109,40.718954467773436
35.0,807.3386617024739,21.313333066304526,305.38133036295574,37.660132217407224
9.0,637.3760030110677,21.193333371480307,319.1146657307943,35.68627548217773
38.0,880.0213338216146,22.879999923706055,285.5253341674805,36.14379196166992
57.0,779.1359944661458,21.773333231608074,349.6426696777344,39.89542503356934
58.0,780.4800048828125,21.72000001271566,356.3413350423177,39.686274719238284
46.0,865.0240071614584,22.746666590372723,346.517333984375,36.300654602050784
58.0,838.16533203125,22.946666781107584,367.59466959635415,35.68627548217773
52.0,812.138661702474,23.60999978383382,386.82666829427086,35.68627548217773
58.0,863.5946594238281,24.273333040873208,406.826665242513,35.16339950561523
55.0,861.2053365071614,24.553333536783853,424.03199869791666,33.516340255737305
17.0,651.7866617838541,24.439999771118163,424.54400024414065,32.81045837402344
5.0,564.5226542154948,24.279999542236332,383.72533264160154,33.98692932128906
19.0,685.6106689453125,22.649999872843424,312.373329671224,46.56209233601888
50.0,836.9493428548177,21.993333307902017,329.7866638183594,44.70588366190592
43.0,828.3519938151042,22.613333320617677,356.4373341878255,42.87581787109375
46.0,899.3066711425781,23.380000241597493,355.37066853841145,42.48366088867188
39.0,814.6986673990885,23.656667073567707,375.0133331298828,42.35294189453125
51.0,682.9973368326823,22.790000279744465,380.2880015055338,45.58170102437337
45.0,839.0400085449219,23.073333295186362,362.68800354003906,42.10457522074382
52.0,803.413340250651,22.78666642506918,381.6959981282552,43.019608688354495
34.0,806.954667154948,23.573333676656087,374.3786661783854,39.34640617370606
18.0,661.5466593424479,23.993333307902017,368.7146697998047,38.06536076863607
15.0,648.2773396809896,24.0,383.80799967447916,39.00653661092122
13.0,659.1786661783855,24.17333393096924,375.96800130208334,40.48365987141927
9.0,641.7493326822917,23.979999796549478,361.2586680094401,39.84313735961914
6.0,589.4720072428386,23.933333079020183,354.10133361816406,40.0
6.0,580.8426737467448,23.933333079020183,442.12266642252604,40.0
6.0,579.0293314615885,23.96666653951009,244.13599955240886,41.63398742675781
5.0,570.2720011393229,23.866666158040363,178.81866658528645,41.960784912109375
0.0,539.3493387858073,23.70000076293945,122.018665822347,41.960784912109375
13.0,503.18934122721356,23.20000076293945,0.0,35.68627548217773
36.0,515.9893330891927,22.91999969482422,260.4373270670573,36.993465423583984
31.0,665.9626708984375,22.976666577657063,287.4079935709635,37.22875900268555
38.0,828.8640116373698,23.03333346048991,313.0559987386068,37.59477272033691
37.0,799.6160095214843,23.26333351135254,322.47999877929686,35.68627548217773
16.0,847.1893371582031,23.266666412353516,319.1306650797526,35.68627548217773
17.0,819.8186564127604,23.419999821980795,306.2133310953776,33.9215690612793
19.0,706.2613342285156,23.049999554951988,308.68799845377606,33.72549057006836
30.0,661.69599609375,22.769999758402506,309.52532857259115,33.72549057006836
42.0,721.7706583658854,23.14333324432373,304.6826639811198,33.72549057006836
37.0,808.6613362630209,23.423333231608073,297.11466420491536,33.72549057006836
41.0,753.9413269042968,22.85333340962728,302.77332763671876,35.16339950561523
49.0,805.69599609375,22.72000001271566,301.1253265380859,33.56862805684408
55.0,747.5413350423177,22.87999979654948,291.2693267822266,34.77124328613282
48.0,829.653330485026,22.81666685740153,311.5199961344401,33.6601318359375
47.0,798.9119974772135,22.04666659037272,311.5199961344401,34.313726806640624
27.0,845.1413269042969,22.579999860127767,305.199994913737,32.87581787109375
6.0,725.2906534830729,23.066666730244954,300.27732747395834,34.509805297851564
10.0,535.5413350423177,23.253332964579265,276.5546610514323,40.01307220458985
33.0,554.4106648763021,23.013333638509113,313.5786641438802,41.555555725097655
36.0,737.1519836425781,22.779999478658045,318.0853322347005,38.36601333618164
33.0,812.0106628417968,22.216667048136394,318.8746612548828,34.901962280273445
37.0,806.6773274739584,22.74000015258789,322.47999674479166,35.60784378051758
39.0,785.919999186198,23.096666717529295,313.2959971110026,35.89542528788249
44.0,776.5973409016927,22.9133331934611,316.5813334147135,36.26143798828125
45.0,737.0880126953125,22.200000190734862,312.93866373697915,35.17647094726563
34.0,724.3946634928385,23.213333257039388,302.44799957275393,32.81045761108399
74.0,676.2346740722656,22.95333340962728,310.0479990641276,35.93464075724284
67.0,860.7360087076823,23.406666882832845,303.3013290405273,33.43790918986003
74.0,758.1866678873698,22.86666685740153,365.6479975382487,34.06536026000977
50.0,733.045340983073,22.899999872843424,619.2799977620442,33.12418371836345
15.0,621.8666748046875,23.86000003814697,1032.7039886474608,34.026144917805986
15.0,603.2320007324219,24.66666647593181,883.0719985961914,30.575163650512696
16.0,586.1440022786459,24.856666882832844,440.1546620686849,26.666666094462077
15.0,648.597324625651,25.220000139872234,414.50133158365884,27.45097999572754
68.0,860.6933410644531,25.186666361490886,301.413330078125,31.68627503712972
16.0,544.5120056152343,23.54000015258789,0.0,41.71241811116536
43.0,531.562656656901,22.90333283742269,282.6826629638672,42.67973861694336
38.0,665.8666666666667,23.050000190734863,306.9813252766927,43.9215695699056
44.0,779.6693237304687,23.193334070841466,316.12266845703124,44.74509913126628
21.0,826.538661702474,23.053333791097007,302.6613321940104,44.50980517069499
24.0,765.6960103352865,21.873333168029784,283.7439926147461,44.90196228027344
21.0,783.0399943033855,22.760000038146973,305.1093302408854,44.771243286132815
26.0,748.9279968261719,23.436666615804036,307.9893290201823,45.68627624511719
26.0,722.2826782226563,23.63999989827474,307.45599466959635,43.137255859375
28.0,700.2880126953125,22.159999974568684,310.5759999593099,44.379086303710935
25.0,698.6026590983073,22.22666670481364,321.22666219075523,44.509805297851564
25.0,684.5440002441406,22.829999987284342,320.1706614176432,43.92156982421875
18.0,691.1360026041667,23.106666564941406,279.45066630045574,43.92156982421875
19.0,679.8293436686198,23.399999618530273,212.09599965413412,43.92156982421875
18.0,664.3626708984375,23.113333384195965,171.21599884033202,44.11764831542969
17.0,674.0266682942708,23.406666310628257,140.72532908121744,43.92156982421875
4.0,691.8613301595052,23.46666653951009,105.05333353678385,43.92156982421875
4.0,682.7733378092448,23.660000228881835,73.37200012207032,43.92156982421875
26.0,527.0293314615885,21.79333324432373,0.0,30.90196107228597
43.0,529.5786743164062,21.60666707356771,130.01599731445313,31.8823533376058
40.0,662.4533406575521,21.520000076293947,268.22933095296224,35.960784912109375
43.0,913.5786661783854,21.82999979654948,290.0959940592448,40.653594462076825
5.0,827.093330891927,21.686666615804036,298.9546641031901,37.55555636088054
0.0,769.1306681315104,21.08000030517578,306.1599985758464,36.13071975708008
0.0,743.4986653645833,21.42666664123535,315.7759958902995,36.81045837402344
3.0,578.0373352050781,21.5366668065389,73.2653330485026,35.68627548217773
26.0,591.8399983723958,21.72333335876465,170.0519989013672,35.68627548217773
28.0,585.2586649576823,21.976666577657063,314.1066650390625,35.68627548217773
26.0,750.9973327636719,22.26000010172526,306.93333231608074,36.797386932373044
27.0,826.4533386230469,22.560000228881837,306.55999348958335,37.72549171447754
6.0,784.768007405599,22.593333689371743,309.0239949544271,36.07843246459961
5.0,730.943994140625,22.29333362579346,305.3333282470703,35.490196990966794
4.0,727.29599609375,22.259999465942382,307.8506632486979,36.5359489440918
3.0,642.9119974772135,22.166667302449543,307.1039967854818,34.575164031982425
4.0,646.5920023600261,22.066666920979817,282.93332722981773,35.16339950561523
4.0,643.3280049641927,21.866666158040363,258.85865732828773,35.68627548217773
14.0,609.7599955240886,23.15333391825358,180.6559906005859,43.92156982421875
37.0,599.9999979654948,22.99666665395101,250.22932840983074,45.55555712381999
29.0,680.7999979654948,23.00333334604899,296.9919942220052,47.90849571228027
35.0,743.0613321940104,22.779999923706054,313.15732828776044,48.98039182027181
8.0,738.1759969075521,22.866666793823242,317.1199961344401,47.947713724772136
11.0,809.0666707356771,22.39333324432373,338.62933247884115,48.6928092956543
8.0,715.3920003255208,22.216666603088377,353.3226674397786,49.372548294067386
6.0,655.2000162760417,21.419999885559083,307.7120005289714,52.09150390625
10.0,628.853330485026,20.950000063578287,309.48265584309894,53.59477233886719
22.0,632.5226603190105,21.926666831970216,310.93866678873695,51.37254943847656
21.0,673.8026713053385,22.556666564941406,375.22133382161456,50.03921661376953
21.0,741.7599873860677,22.773333676656087,431.13600260416666,49.80392265319824
22.0,724.5013244628906,23.02666664123535,444.9600016276042,48.6274528503418
16.0,699.093339029948,23.206666882832845,358.4959981282552,47.84313888549805
19.0,703.3599995930989,23.366666158040363,391.90399881998695,46.66666793823242
17.0,655.8613301595052,23.023333168029787,316.5759969075521,46.66666793823242
1.0,669.7919881184896,23.156667264302573,304.1333302815755,46.66666793823242
0.0,684.7680033365885,23.203333473205568,302.3680023193359,46.66666793823242
7.0,516.8213348388672,22.00666681925456,201.4133310953776,31.30718994140625
26.0,522.5599914550781,21.706667327880858,262.0266621907552,33.39869384765625
29.0,544.7893412272135,21.77999947865804,255.03466237386067,32.87581787109375
28.0,600.3413309733073,21.4533332824707,250.65600026448567,34.901962280273445
32.0,704.234678141276,21.473333168029786,248.8479960123698,34.901962280273445
28.0,724.266670735677,21.586666552225747,294.1919932047526,33.202615356445314
28.0,699.274668375651,21.726666959126792,295.1946594238281,32.74509887695312
23.0,770.7093383789063,21.63999989827474,302.3733306884766,32.74509887695312
10.0,725.610673014323,22.003333536783853,302.9919942220052,32.54902038574219
20.0,772.9279947916667,22.45666650136312,304.78399454752605,31.228758557637533
21.0,708.6720113118489,22.74000015258789,298.4373250325521,29.09803924560547
23.0,779.647998046875,22.653333536783858,299.0559926350912,28.627450942993164
21.0,789.5040100097656,22.73333346048991,304.3413330078125,28.627450942993164
20.0,756.6933288574219,22.953333155314127,312.3893300374349,29.01960786183675
17.0,750.4853312174479,22.606666882832844,320.32533060709636,29.01960786183675
8.0,739.4346659342448,22.480000178019207,317.15733032226564,29.856209309895835
3.0,738.6453247070312,22.57333335876465,297.039990234375,29.01960786183675
2.0,670.4106648763021,22.89333292643229,278.965326944987,28.627450942993164
7.0,520.4053365071615,21.899999618530273,0.0,52.94117736816406
37.0,516.917333984375,21.793333180745442,70.00533243815104,52.28758239746094
36.0,617.3119954427083,21.71333344777425,306.4693288167318,51.83006591796875
30.0,596.0533203125,21.28000005086263,321.89332580566406,53.83006579081218
39.0,773.6319986979166,21.82666695912679,314.2879994710286,53.333333841959636
38.0,725.3120056152344,21.619999885559082,321.7813293457031,52.28758239746094
35.0,761.0453369140625,20.84000015258789,316.943994140625,52.94117736816406
38.0,780.6933390299479,21.72666664123535,308.26133321126304,51.30718994140625
18.0,711.4666748046875,21.446666590372722,306.19199523925784,52.35294189453125
40.0,816.6186645507812,21.499999936421712,295.5039967854818,52.156863403320315
33.0,815.7653279622396,22.556666501363118,306.213330078125,51.17647094726563
37.0,760.3200032552083,22.4533332824707,290.32533060709636,51.37254943847656
44.0,761.0666585286458,22.446666844685872,309.59999491373696,50.339870071411134
40.0,783.9999938964844,22.53000005086263,287.9946634928385,50.50980453491211
47.0,719.0399922688802,22.71999994913737,294.0853291829427,50.11764793395996
46.0,916.7146626790365,23.160000165303547,305.2533284505208,47.77777938842773
15.0,876.9493286132813,23.439999771118163,298.62932942708335,46.66666793823242
5.0,858.4106689453125,23.193333498636882,285.61066182454425,46.66666793823242
8.0,519.4773274739583,21.92000045776367,44.135999552408855,35.947713724772136
30.0,517.4186706542969,21.693333180745444,62.93333333333333,36.27451095581055
26.0,560.565342203776,21.323333549499512,61.8,36.5359489440918
31.0,550.1973225911458,21.366666158040363,64.83333333333333,35.68627548217773
26.0,706.4533284505209,21.563333066304526,88.30933354695638,35.22875900268554
29.0,663.4346801757813,21.506666882832846,123.98666636149089,35.29411849975586
30.0,741.6533284505208,21.36000003814697,156.3973304748535,34.575164031982425
26.0,749.2480183919271,21.099999872843423,182.31466471354167,34.09150377909342
24.0,705.9840026855469,21.7766668955485,199.86666615804037,34.379086303710935
47.0,730.7626729329427,22.07333297729492,250.86399790445964,32.94117736816406
39.0,813.760009765625,22.49333356221517,147.24399948120117,32.28758239746094
43.0,750.9973307291667,22.17333304087321,83.81066691080729,33.98692932128906
49.0,781.9519938151042,22.589999834696453,128.31733220418295,31.241830571492514
45.0,892.4800028483073,23.17333329518636,152.45333251953124,28.627450942993164
51.0,881.0880065917969,23.46666653951009,126.65999933878581,28.627450942993164
51.0,906.538661702474,23.583333651224773,139.27999928792318,28.627450942993164
11.0,878.3573384602864,23.823332850138346,196.7413330078125,28.627450942993164
0.0,877.8880004882812,23.766666412353516,71.43333333333334,28.627450942993164
14.0,518.6666819254557,23.086666742960613,130.8159973144531,44.575164540608725
33.0,542.4000040690104,23.0733336130778,273.6319946289062,45.88235473632813
26.0,580.437333170573,23.093333689371743,267.8346613566081,47.228759638468425
29.0,734.2720011393229,22.973333231608073,298.6239939371745,48.90196100870768
31.0,730.2186604817708,22.60666675567627,305.53599650065104,49.215685272216795
40.0,713.0026652018229,22.053333409627278,304.9653340657552,49.80392074584961
32.0,791.5306722005208,22.689999961853026,301.3919942220052,49.80392074584961
40.0,888.4693298339844,23.180000050862635,275.4399932861328,49.80392074584961
35.0,836.4373392740886,23.220000584920243,281.7333262125651,49.7385612487793
37.0,858.6240071614583,23.48000011444092,270.04265950520835,47.84313583374024
34.0,830.6773356119792,23.620000457763673,267.24265950520834,47.84313583374024
31.0,862.826670328776,23.546666844685873,278.8373270670573,47.84313583374024
10.0,824.7466634114584,23.656667264302573,285.8719930013021,47.84313583374024
3.0,806.3999837239584,23.77999998728434,273.84532623291017,47.84313583374024
3.0,679.9039978027344,23.78333307902018,276.8213297526042,47.84313583374024
1.0,591.4559977213542,23.50333334604899,271.46132303873696,47.84313583374024
0.0,583.1360127766927,23.5,266.8373270670573,47.84313583374024
0.0,579.0826700846354,23.469999885559083,264.0,47.84313583374024
0.0,527.2533365885416,21.9266663869222,0.0,36.86274337768555
0.0,524.8533325195312,21.693333689371745,0.0,36.86274337768555
0.0,521.7066650390625,21.476666577657063,0.0,36.86274337768555
0.0,524.5333353678385,21.373332977294922,0.0,36.86274337768555
15.0,534.9866739908854,21.100000381469727,5.566666666666666,36.86274337768555
23.0,535.3599955240885,21.093333689371743,29.033333333333335,36.86274337768555
22.0,648.9706624348959,21.673333358764648,316.925331624349,39.08496627807617
23.0,835.5199991861979,22.236666870117187,319.58399861653646,40.7843132019043
3.0,745.1946614583334,22.303332583109537,316.85332743326825,39.18954302469889
5.0,781.7173421223958,22.510000038146973,329.2373331705729,38.431373596191406
5.0,695.413330078125,22.69666741689046,317.6319986979167,37.64706039428711
5.0,610.7413350423177,22.60000038146973,317.01866760253904,35.882353973388675
3.0,637.0133280436198,22.636667188008627,311.38133138020834,35.68627548217773
5.0,708.7893269856771,22.70000076293945,315.0613321940104,36.66666793823242
4.0,729.919999186198,22.69666741689046,316.2186635335286,36.73202743530273
4.0,641.066660563151,22.59666703542074,309.0239959716797,35.68627548217773
4.0,605.8666687011719,22.50333334604899,300.8213267008463,35.68627548217773
3.0,655.6800028483073,22.60000038146973,279.0453257242838,35.68627548217773
3.0,587.1786763509115,22.08000030517578,93.81866353352865,29.01960786183675
2.0,603.1146606445312,21.96666653951009,252.2239980061849,30.98039245605469
1.0,668.2239949544271,22.053333536783853,247.2213338216146,31.50326843261719
4.0,734.8480041503906,22.046666844685873,256.0586639404297,32.222222900390626
5.0,621.1626729329427,22.053333536783853,299.0559967041016,30.98039245605469
4.0,702.1120056152344,22.180000686645506,314.8319986979167,31.372549438476565
6.0,765.3973409016927,22.026666768391927,324.84266662597656,32.22222290039062
9.0,680.8959981282552,21.81333351135254,339.5733327229818,30.98039245605469
23.0,651.818680826823,21.620000457763673,332.10666809082034,30.98039245605469
35.0,655.6586669921875,21.94666665395101,343.00800069173175,30.98039245605469
35.0,766.698661295573,22.396666717529296,326.8853312174479,31.895425415039064
37.0,859.3280049641927,21.686666870117186,319.0239980061849,33.6601318359375
35.0,786.6666748046875,21.243333117167154,330.1599985758464,32.67973937988281
28.0,737.8346720377605,21.820000203450522,315.9893280029297,32.67973937988281
31.0,791.8719909667968,21.960000292460123,309.6479949951172,33.137255859375
25.0,915.2640075683594,22.20666675567627,297.861328125,32.22222290039062
0.0,762.240000406901,22.6466672261556,303.43999735514325,30.98039245605469
0.0,773.4613321940104,22.693334070841466,276.8373275756836,30.98039245605469
16.0,532.1066630045573,21.680000686645506,220.0,31.89542541503906
67.0,541.4933471679688,21.479999923706053,246.4,32.941177368164055
64.0,630.1653462727865,21.65333391825358,257.84532877604164,33.46405334472656
69.0,845.3333353678386,21.506666882832846,242.43199717203777,37.6470588684082
75.0,988.7573262532552,21.863333066304524,272.44266001383465,38.00000114440918
66.0,832.1066670735677,21.979999860127766,296.63999226888023,35.94771270751953
3.0,906.8799967447917,22.593333689371743,305.46666158040364,35.75163408915202
3.0,992.8106770833333,22.793332926432292,303.0026611328125,35.88235282897949
3.0,746.9226704915365,22.03333314259847,317.3333323160807,35.29411849975586
3.0,625.2693277994791,21.553332964579266,321.57866719563805,36.013071568806964
3.0,592.7893310546875,21.746666590372723,321.44533386230466,34.901962280273445
3.0,577.4293273925781,21.826666386922202,326.93333435058594,34.901962280273445
1.0,568.576005045573,21.79999968210856,322.9759969075521,36.79738400777181
1.0,562.0480143229166,21.596666526794433,317.0239969889323,36.86274337768555
1.0,562.0800069173177,21.7733331044515,295.6426625569662,36.86274337768555
1.0,551.7333435058594,21.899999618530273,64.4,36.86274337768555
1.0,553.4399983723958,21.866666158040363,0.0,36.86274337768555
1.0,575.8719889322916,22.053333536783853,8.60266621907552,35.555555979410805
0.0,500.53333536783856,21.67333393096924,0.0,33.72549057006836
0.0,501.3333333333333,21.796665954589844,0.0,33.72549057006836
0.0,504.6933339436849,21.700000762939453,0.0,33.72549057006836
2.0,509.0026621500651,21.696667416890463,0.0,33.72549057006836
2.0,510.37867431640626,21.630000495910643,17.3,33.72549057006836
2.0,517.7173380533854,21.113333447774252,307.8933380126953,33.72549057006836
2.0,539.1680013020833,20.933333079020183,334.99733276367186,30.405228932698567
2.0,572.3519999186198,21.613333066304524,353.22666727701824,28.169934463500976
2.0,600.1386535644531,21.933333079020183,377.22666524251304,27.647058486938477
3.0,588.7680196126302,22.123333803812663,385.5573323567708,26.640522956848145
2.0,578.2826599121094,21.936666997273765,396.49066772460935,26.87581704457601
2.0,577.8773417154948,22.013333384195963,426.93333536783854,27.29411767323812
2.0,596.9920084635417,22.19333407084147,492.3413330078125,28.222222073872885
2.0,562.1653401692708,22.22666702270508,486.3040008544922,26.61437931060791
2.0,593.7813415527344,21.843333307902018,384.4373341878255,30.40522886912028
2.0,600.4693359375,21.626666259765624,376.9600016276042,29.555555661519367
2.0,586.197334798177,21.92333304087321,398.5813364664713,28.758169873555502
2.0,607.7226684570312,21.933333079020183,313.35999755859376,30.66666660308838
0.0,543.6373331705729,21.520000076293947,263.0133310953776,41.22875836690267
7.0,526.7199971516927,21.236666870117187,61.6,40.7843132019043
29.0,521.3439921061198,21.473333231608073,0.0,40.7843132019043
42.0,582.4853352864583,21.5,264.0266621907552,40.7843132019043
42.0,701.952001953125,21.596667035420737,298.54932963053386,41.50326766967773
40.0,711.4666666666667,21.039999961853027,324.49599609375,42.209150568644205
41.0,669.3333353678386,21.066666920979817,327.6319997151693,40.7843132019043
40.0,700.0533386230469,21.306666564941406,321.29066162109376,40.84967269897461
40.0,685.7600056966146,21.233332951863606,327.6000010172526,40.7843132019043
40.0,719.7653279622396,21.493333307902017,333.3333343505859,39.39869321187337
37.0,715.5839904785156,21.82333335876465,336.1279988606771,37.51634140014649
36.0,781.8666687011719,21.586666615804038,344.0106648763021,36.1830078125
9.0,750.5066731770834,21.64666659037272,355.6159993489583,36.66666526794434
4.0,752.2560038248698,21.11333312988281,336.19199829101564,36.013071568806964
6.0,749.0239969889323,22.033333269755044,278.68000208536785,32.74509887695312
6.0,648.5759887695312,22.266666603088378,332.1653310139974,34.705883789062504
1.0,632.0533243815104,22.616666793823242,312.3893310546875,34.37908630371094
0.0,661.1199951171875,22.776666132609055,300.5333272298177,34.901962280273445
20.0,509.97332560221355,21.296665954589844,0.0,28.627450942993164
30.0,514.9866739908854,20.893333435058594,52.01066487630208,28.627450942993164
28.0,590.0373372395833,21.076666641235352,285.3653289794922,29.686274401346843
29.0,592.8320048014323,21.19000072479248,308.05866190592445,31.058823776245116
22.0,661.5573364257813,21.363333384195965,326.03199768066406,31.43790893554688
10.0,597.6853332519531,21.399999618530273,345.248003133138,31.111111450195313
6.0,574.5493306477864,21.36666660308838,363.72267150878906,30.98039245605469
2.0,685.0880004882813,21.906666310628257,396.71466573079425,29.33333339691162
1.0,618.1546671549479,21.933333079020183,399.4879974365234,27.97385597229004
1.0,573.0560038248698,22.0,376.27733357747394,27.777777481079102
1.0,540.479990641276,21.879999669392905,173.44533208211263,26.66666603088379
0.0,531.0506693522135,21.4,137.78133163452148,27.058823013305663
0.0,548.3199971516927,21.03999989827474,200.02133178710938,28.627450942993164
0.0,561.9093282063802,21.266666412353516,168.35733032226562,28.366012954711913
0.0,521.7919921875,21.233333587646484,246.38399963378907,26.66666603088379
0.0,531.8400024414062,21.39333292643229,326.85333251953125,26.66666603088379
0.0,551.253330485026,21.510000038146973,151.13866628011067,26.66666603088379
0.0,561.5573282877605,21.336666043599447,45.63333333333333,26.66666603088379
7.0,503.23199971516925,23.476666831970213,179.22132975260416,36.73202743530273
23.0,515.2000040690104,22.92666664123535,183.7813293457031,36.941176350911455
27.0,539.8293253580729,23.453333536783855,316.9919952392578,35.68627548217773
27.0,658.826670328776,23.29333381652832,359.413335164388,36.33987045288086
27.0,534.6666666666666,22.233333396911622,368.33066711425784,37.64706039428711
27.0,524.6933288574219,22.026666768391927,369.9413340250651,37.64706039428711
28.0,534.8800048828125,21.989999961853027,391.1146667480469,36.90195948282878
23.0,537.8133443196615,22.156666692097982,441.97333374023435,36.11764704386393
7.0,540.2453287760417,22.36000010172526,468.4693328857422,35.490196990966794
0.0,555.6586507161459,22.32333335876465,442.48533426920574,35.620915985107416
1.0,647.317323811849,23.03999989827474,326.8319986979167,28.00000025431315
1.0,547.4666646321615,23.34666608174642,230.64533487955728,24.70588302612305
0.0,565.5893310546875,23.4633331934611,331.15199788411456,24.70588302612305
0.0,536.8000040690105,23.28333314259847,292.52266489664714,23.921569061279296
0.0,530.3146789550781,23.483333269755047,317.1146636962891,22.745098114013672
0.0,523.7973388671875,24.520000203450522,804.2613382975261,22.745098114013672
0.0,566.5920125325521,25.69666665395101,376.16000111897785,23.071895599365234
0.0,622.7626586914063,25.303333218892416,554.474663289388,22.745098114013672
1.0,509.0240000406901,23.89333324432373,158.21866353352866,34.20915120442707
1.0,506.5173319498698,23.2600004196167,225.0199961344401,34.640523529052736
1.0,502.0586659749349,23.333332824707032,54.0706667582194,33.72549057006836
2.0,499.76533203125,22.78666655222575,79.37466684977214,33.72549057006836
22.0,503.20000712076825,22.303333409627278,142.18399759928386,33.72549057006836
29.0,507.21067097981773,22.243333435058595,189.82400156656902,35.09804000854492
26.0,598.9760091145833,22.359999974568684,364.021332804362,36.64052391052246
30.0,689.2800089518229,22.05999978383382,380.3520009358724,38.614379501342775
52.0,732.479990641276,22.299999936421713,392.2133371988932,38.03921699523926
67.0,697.7066650390625,22.153333600362142,399.1040008544922,37.64706039428711
64.0,751.2959981282552,22.306666628519693,401.8559977213542,38.104576110839844
72.0,979.9893310546875,23.493333435058595,405.6106669108073,39.60784339904785
57.0,885.5679992675781,23.713333384195963,372.2240000406901,37.68627586364746
66.0,836.6719889322917,22.773333485921224,382.3893330891927,38.352942276000974
65.0,877.4400044759115,23.68666674296061,358.7413340250651,37.80392303466797
33.0,905.2586486816406,23.65,321.7706675211588,39.13725547790527
0.0,966.63466796875,24.273333485921224,306.99733072916666,39.450980758666994
0.0,847.4239929199218,24.076666895548502,314.12799479166665,38.50980491638184
0.0,517.493330891927,23.64666639963786,239.3959950764974,32.35294189453125
0.0,516.4160024007161,22.880000178019205,46.666666666666664,32.941177368164055
0.0,546.1760091145833,23.479999796549478,111.34666697184245,31.437908935546876
0.0,549.760009765625,24.13000030517578,158.6773333231608,31.176470947265628
0.0,549.760009765625,24.309999275207524,170.4133326212565,31.045751953125
0.0,549.760009765625,24.356666119893394,209.74933064778645,30.98039245605469
1.0,549.760009765625,24.250000063578288,285.7919962565104,30.98039245605469
1.0,549.760009765625,24.18666737874349,255.43999938964845,30.98039245605469
0.0,549.760009765625,24.25999984741211,283.2373311360677,31.83006591796875
1.0,549.760009765625,23.86333351135254,292.9653299967448,35.16339874267578
1.0,549.760009765625,23.49666665395101,303.3920003255208,38.222221247355144
1.0,549.760009765625,23.49666665395101,315.2853312174479,38.78431434631348
0.0,549.760009765625,23.86999969482422,418.54933369954426,35.68627548217773
0.0,549.760009765625,23.97333354949951,729.3013326009115,36.5359489440918
0.0,549.760009765625,24.866666793823242,1091.9466634114583,35.68627548217773
0.0,549.760009765625,25.570000012715656,1331.3066691080728,33.98692855834961
0.0,549.760009765625,27.340000025431316,1330.0053344726562,33.72549057006836
0.0,549.760009765625,27.54666690826416,1160.5119913736978,33.72549057006836
